<clones>
<systeminfo processor="nicad6" system="source-code" granularity="functions-consistent" threshold="30%" minlines="10" maxlines="2500" />
<cloneinfo npcs="670211" npairs="29985423" />
<runinfo ncompares="-2010225551" cputime="277417132" />
<classinfo nclasses="8006" />

<class classid="36" nclones="5" nlines="10" similarity="75">
<source file="systems/source-code/b6/b6a1c0a18f82ff497d10ea1d1ac3804417e382b2.sol" startline="1573" endline="1586" pcid="470636" />
</class>

<class classid="76" nclones="4" nlines="14" similarity="70">
<source file="systems/source-code/33/33537c8c6711035ed450bab4a1817511a28ee424.sol" startline="701" endline="719" pcid="92708" />
</class>

<class classid="92" nclones="127" nlines="10" similarity="75">
<source file="systems/source-code/fd/fd26d4fedea09da1bb2c4e410c747dda72fdb506.sol" startline="640" endline="649" pcid="199823" />
</class>

<class classid="93" nclones="3735" nlines="10" similarity="70">
<source file="systems/source-code/9a/9a5dcd4348549d719813431f10fbb6d1c1758d83.sol" startline="187" endline="197" pcid="353257" />
<source file="systems/source-code/0e/0e9b345a0da4e1f276eabc57d1d02945dd09f46c.sol" startline="132" endline="143" pcid="81184" />
<source file="systems/source-code/f5/f56414ae268293dc717878eec223567d960f2f7c.sol" startline="197" endline="208" pcid="205141" />
</class>

<class classid="94" nclones="3281" nlines="11" similarity="70">
<source file="systems/source-code/a2/a22160bea244f00bef5a0b1ca85977b005716fec.sol" startline="430" endline="440" pcid="149427" />
<source file="systems/source-code/50/501a752f6cb44bd7c8e9ea0d97347d6c65a48ea5.sol" startline="357" endline="366" pcid="21574" />
<source file="systems/source-code/df/dfbd2889bdba743d3454911df61d200e79294b01.sol" startline="148" endline="159" pcid="138839" />
<source file="systems/source-code/fa/faa48fd71ead5fba0d09bb24ff3b8c0af1e95849.sol" startline="178" endline="187" pcid="538867" />
</class>

<class classid="121" nclones="110" nlines="10" similarity="70">
<source file="systems/source-code/4d/4dbadd62f3f0d87265740bc0566d8dae9e21c000.sol" startline="77" endline="88" pcid="312557" />
</class>

<class classid="151" nclones="3458" nlines="11" similarity="70">
<source file="systems/source-code/3f/3f34f89aa02355d9dcfcbfd4adcbbfb135a8b4fd.sol" startline="121" endline="131" pcid="392543" />
<source file="systems/source-code/f4/f4ac7eccd66a282920c131f96e716e3457120e03.sol" startline="53" endline="67" pcid="176342" />
</class>

<class classid="152" nclones="3793" nlines="12" similarity="70">
<source file="systems/source-code/f4/f4ac7eccd66a282920c131f96e716e3457120e03.sol" startline="71" endline="87" pcid="176343" />
<source file="systems/source-code/56/563527d10a78f649a9330b0fb03387b93fb387f9.sol" startline="67" endline="86" pcid="57045" />
<source file="systems/source-code/45/45d147c800d401350b24fc1cd5fbc98040b177c8.sol" startline="39" endline="49" pcid="266809" />
<source file="systems/source-code/c0/c0e3cf6d466b2273f3aa105c96325830ba884ba1.sol" startline="126" endline="144" pcid="187515" />
<source file="systems/source-code/41/41668409c07da5b05f4734aade68b14e8da85e4c.sol" startline="54" endline="64" pcid="579893" />
<source file="systems/source-code/47/473ae4e31bfd1f821388a017f2839c3187aaf82e.sol" startline="72" endline="81" pcid="647259" />
</class>

<class classid="153" nclones="816" nlines="11" similarity="75">
<source file="systems/source-code/aa/aaaf91d9b90df800df4f55c205fd6989c977e73a.sol" startline="237" endline="248" pcid="479878" />
<source file="systems/source-code/3b/3b57690f17e1724ecf7c7b691dd66564cd9da0ea.sol" startline="282" endline="293" pcid="28939" />
<source file="systems/source-code/d7/d717b75404022fb1c8582adf1c66b9a553811754.sol" startline="151" endline="161" pcid="130051" />
<source file="systems/source-code/23/23352036e911a22cfc692b5e2e196692658aded9.sol" startline="356" endline="365" pcid="606835" />
<source file="systems/source-code/a8/a849eaae994fb86afa73382e9bd88c2b6b18dc71.sol" startline="184" endline="193" pcid="490161" />
</class>

<class classid="177" nclones="118" nlines="12" similarity="70">
<source file="systems/source-code/08/08b4c866ae9d1be56a06e0c302054b4ffe067b43.sol" startline="111" endline="120" pcid="405412" />
</class>

<class classid="181" nclones="381" nlines="11" similarity="72">
<source file="systems/source-code/89/892e09df99d67499333b4c2abaac22e395a41a0b.sol" startline="329" endline="346" pcid="264327" />
</class>

<class classid="182" nclones="374" nlines="11" similarity="80">
<source file="systems/source-code/89/892e09df99d67499333b4c2abaac22e395a41a0b.sol" startline="354" endline="372" pcid="264328" />
</class>

<class classid="183" nclones="44" nlines="22" similarity="81">
<source file="systems/source-code/2f/2fb3c22230c39496edc13c16d09f34368346ac1d.sol" startline="360" endline="388" pcid="329806" />
</class>

<class classid="186" nclones="23" nlines="16" similarity="72">
<source file="systems/source-code/1e/1ec7345ee1780d847b29f65aa0ecf70cb278966e.sol" startline="147" endline="159" pcid="595259" />
</class>

<class classid="188" nclones="33" nlines="11" similarity="87">
<source file="systems/source-code/7f/7f85141f4c463b194017e849db8973c7961476ce.sol" startline="308" endline="318" pcid="657038" />
</class>

<class classid="190" nclones="111" nlines="10" similarity="77">
<source file="systems/source-code/1f/1fc52f1abade452dd4674477d4711951700b3d27.sol" startline="240" endline="254" pcid="268328" />
</class>

<class classid="194" nclones="41" nlines="10" similarity="75">
<source file="systems/source-code/ea/ea269697f5f567f046346dd767fafc0b0126fbf2.sol" startline="128" endline="137" pcid="515719" />
</class>

<class classid="286" nclones="40" nlines="11" similarity="75">
<source file="systems/source-code/cd/cde86186866ca04a5da9240cbfae4306499a2125.sol" startline="105" endline="116" pcid="520600" />
<source file="systems/source-code/8a/8a6aa2091c68287d4c37e486e89850fd0e79633f.sol" startline="9" endline="18" pcid="293850" />
</class>

<class classid="297" nclones="49" nlines="25" similarity="75">
<source file="systems/source-code/7f/7f5059cc888744e2812c6f693a727e9d787189ec.sol" startline="264" endline="309" pcid="657237" />
</class>

<class classid="298" nclones="191" nlines="19" similarity="73">
<source file="systems/source-code/98/98008a4168b66261cb112d2d4cd940728d033c2e.sol" startline="227" endline="247" pcid="385366" />
<source file="systems/source-code/e1/e1bf5a6123c68a63c5f714df2898f8ca7c8854c1.sol" startline="130" endline="151" pcid="518160" />
</class>

<class classid="344" nclones="153" nlines="11" similarity="75">
<source file="systems/source-code/89/892e09df99d67499333b4c2abaac22e395a41a0b.sol" startline="226" endline="244" pcid="264321" />
</class>

<class classid="395" nclones="277" nlines="11" similarity="70">
<source file="systems/source-code/3b/3b5ac9b572a62618d2954951ff1469db85620d32.sol" startline="44" endline="56" pcid="28895" />
<source file="systems/source-code/ca/ca346d7550ad8796b757a9a9f00616d56474dd81.sol" startline="202" endline="213" pcid="213861" />
<source file="systems/source-code/20/20aef4e6d121ac048c98fe8c8d0c7bf5b5ab13bc.sol" startline="65" endline="82" pcid="238111" />
</class>

<class classid="404" nclones="89" nlines="10" similarity="87">
<source file="systems/source-code/e3/e34cae5cdc42afd4c68727a936908918b5faa675.sol" startline="236" endline="254" pcid="206545" />
</class>

<class classid="408" nclones="92" nlines="10" similarity="88">
<source file="systems/source-code/cd/cdf3be99c296828301847025b547faa0c3deb04e.sol" startline="268" endline="277" pcid="520948" />
</class>

<class classid="419" nclones="6" nlines="14" similarity="90">
<source file="systems/source-code/58/58ebcd3230e0c28bf82e3f91f72d80eff32d00f4.sol" startline="1228" endline="1240" pcid="65217" />
</class>

<class classid="428" nclones="3" nlines="13" similarity="87">
<source file="systems/source-code/95/95fc85b52cc88ac6926bc55d64b88b2acf18c59b.sol" startline="66" endline="79" pcid="5469" />
</class>

<class classid="429" nclones="3" nlines="10" similarity="87">
<source file="systems/source-code/95/95fc85b52cc88ac6926bc55d64b88b2acf18c59b.sol" startline="83" endline="92" pcid="5470" />
</class>

<class classid="430" nclones="3" nlines="11" similarity="75">
<source file="systems/source-code/95/95fc85b52cc88ac6926bc55d64b88b2acf18c59b.sol" startline="153" endline="162" pcid="5475" />
</class>

<class classid="438" nclones="86" nlines="13" similarity="81">
<source file="systems/source-code/9a/9adff4ca204542cd07e0fd059c9d8bab143d09df.sol" startline="20" endline="36" pcid="352297" />
</class>

<class classid="439" nclones="58" nlines="11" similarity="70">
<source file="systems/source-code/9a/9adff4ca204542cd07e0fd059c9d8bab143d09df.sol" startline="37" endline="48" pcid="352298" />
</class>

<class classid="527" nclones="112" nlines="11" similarity="70">
<source file="systems/source-code/d7/d79cb502973ea7d89a4f2ce63b2b331ab5b62fe7.sol" startline="138" endline="149" pcid="128051" />
</class>

<class classid="532" nclones="9" nlines="18" similarity="81">
<source file="systems/source-code/59/59c36e47c4490efb7a48d5ec4c68ea8a725c1c56.sol" startline="1091" endline="1134" pcid="8153" />
</class>

<class classid="535" nclones="3" nlines="22" similarity="73">
<source file="systems/source-code/59/59c36e47c4490efb7a48d5ec4c68ea8a725c1c56.sol" startline="1898" endline="1932" pcid="8189" />
</class>

<class classid="550" nclones="2" nlines="10" similarity="88">
<source file="systems/source-code/59/599ead01cd4989c8fae26c1adcdc6a5cf5c763f8.sol" startline="142" endline="158" pcid="8615" />
<source file="systems/source-code/88/882447790ea65cb00530a02e835f1f4b6d9a4430.sol" startline="142" endline="158" pcid="334504" />
</class>

<class classid="566" nclones="123" nlines="11" similarity="80">
<source file="systems/source-code/d4/d48c70991441d66a86c26580cd6b629f63f58516.sol" startline="197" endline="224" pcid="448595" />
</class>

<class classid="619" nclones="4" nlines="12" similarity="70">
<source file="systems/source-code/7f/7fccf800568747b178c6cbbe4bf3d147df75ac61.sol" startline="380" endline="393" pcid="657499" />
</class>

<class classid="631" nclones="4" nlines="10" similarity="77">
<source file="systems/source-code/db/dbabbcb1e314facb908c3e06b1f483124a627ce0.sol" startline="146" endline="158" pcid="488153" />
<source file="systems/source-code/42/4290563c2d7c255b5eec87f2d3bd10389f991d68.sol" startline="145" endline="157" pcid="262307" />
</class>

<class classid="657" nclones="21" nlines="11" similarity="70">
<source file="systems/source-code/92/92185519dc5a3ab41396d1da2bb4134ea3921172.sol" startline="295" endline="319" pcid="10807" />
</class>

<class classid="665" nclones="2" nlines="12" similarity="90">
<source file="systems/source-code/92/925a8d5cc55b0d780b5cab4f21447c4bae0a3b01.sol" startline="137" endline="148" pcid="10961" />
</class>

<class classid="666" nclones="2" nlines="16" similarity="85">
<source file="systems/source-code/92/925a8d5cc55b0d780b5cab4f21447c4bae0a3b01.sol" startline="201" endline="216" pcid="10969" />
<source file="systems/source-code/83/83be80931a025c9e317ad140802edd01b2989bd7.sol" startline="212" endline="227" pcid="580714" />
</class>

<class classid="703" nclones="114" nlines="10" similarity="70">
<source file="systems/source-code/86/864def510d754df9c1d43b925dd9887baa5acb07.sol" startline="109" endline="119" pcid="319412" />
</class>

<class classid="713" nclones="2" nlines="12" similarity="87">
<source file="systems/source-code/92/92f6096a93a6ebb6bc439831a7f30f1e6020f184.sol" startline="75" endline="91" pcid="12316" />
<source file="systems/source-code/27/27e45ebe436034250e1269a6b85074c91cd87fd0.sol" startline="75" endline="91" pcid="243726" />
</class>

<class classid="730" nclones="44" nlines="14" similarity="72">
<source file="systems/source-code/02/029a868ee160d4f0f20a6b3c816f49b5f0b495b5.sol" startline="405" endline="424" pcid="104606" />
</class>

<class classid="736" nclones="3" nlines="10" similarity="75">
<source file="systems/source-code/be/be00f2ee3f4cc6d44953fae9139a34322f7c0871.sol" startline="213" endline="225" pcid="134903" />
</class>

<class classid="759" nclones="3" nlines="24" similarity="77">
<source file="systems/source-code/03/03c60795a9b4646752e25eed4bdadf5d8c62e13c.sol" startline="213" endline="259" pcid="35262" />
</class>

<class classid="764" nclones="32" nlines="11" similarity="75">
<source file="systems/source-code/7d/7da47ca0de0797ffedfea9194cac9a8a5d0cd0cc.sol" startline="474" endline="493" pcid="250537" />
</class>

<class classid="778" nclones="17" nlines="11" similarity="75">
<source file="systems/source-code/a7/a7dc80fc2a566769e18512c426e2fa82436e9bd4.sol" startline="213" endline="223" pcid="455966" />
</class>

<class classid="786" nclones="55" nlines="16" similarity="75">
<source file="systems/source-code/30/300d58b249f78ab42d0d377441046d4b40d77982.sol" startline="168" endline="188" pcid="394736" />
</class>

<class classid="822" nclones="4" nlines="11" similarity="70">
<source file="systems/source-code/84/84e8a50ca43e8f26094799ba60705475cf2b9832.sol" startline="22" endline="32" pcid="597135" />
<source file="systems/source-code/f8/f8ca783b49516dcae0bd01329294bc12ed2c95ad.sol" startline="2" endline="2" pcid="562131" />
</class>

<class classid="871" nclones="38" nlines="10" similarity="77">
<source file="systems/source-code/5a/5a890d8c8573d623bd72727f2ae8f3caa0d4aed1.sol" startline="370" endline="379" pcid="89267" />
</class>

<class classid="965" nclones="6" nlines="10" similarity="77">
<source file="systems/source-code/e2/e2615137c379910897d4c662345a5a1d0b91f719.sol" startline="274" endline="284" pcid="175523" />
</class>

<class classid="987" nclones="2" nlines="16" similarity="73">
<source file="systems/source-code/3e/3e4ecfcfdabb36c1f0058694941801cbb11f6582.sol" startline="1555" endline="1575" pcid="18849" />
<source file="systems/source-code/7e/7e03b8f86b9cfade0328a4a2c7588a659972129b.sol" startline="1558" endline="1579" pcid="296935" />
</class>

<class classid="1030" nclones="7" nlines="13" similarity="80">
<source file="systems/source-code/5e/5e9c58aaed30f2ece3d2baf7814be9dc4425a6d9.sol" startline="354" endline="375" pcid="397232" />
</class>

<class classid="1036" nclones="3" nlines="10" similarity="75">
<source file="systems/source-code/2b/2b96efc474b9fb935951ca65f10d0cecdc480d57.sol" startline="91" endline="100" pcid="644361" />
</class>

<class classid="1058" nclones="2" nlines="11" similarity="70">
<source file="systems/source-code/50/50c798c86d714f58ac08e5bac49a127771e93234.sol" startline="173" endline="185" pcid="20677" />
<source file="systems/source-code/ef/effde26234cab40b54af9e28268912da42c1c975.sol" startline="212" endline="227" pcid="507593" />
</class>

<class classid="1062" nclones="11" nlines="10" similarity="70">
<source file="systems/source-code/5a/5aeb706c39a76c31fa89bf726de1a6f7d6bc1a51.sol" startline="366" endline="386" pcid="87129" />
</class>

<class classid="1073" nclones="7" nlines="11" similarity="72">
<source file="systems/source-code/da/da0e0303f4bf08cff92e88e13c0e743b14fea0d5.sol" startline="185" endline="200" pcid="142961" />
</class>

<class classid="1101" nclones="8" nlines="11" similarity="70">
<source file="systems/source-code/50/50ae8d7c70c33d1f40b36c75fe9f560646134dd5.sol" startline="47" endline="67" pcid="21923" />
<source file="systems/source-code/63/6360c66db2fbf3a39ae3db7f0ed0b551043f13d1.sol" startline="257" endline="266" pcid="431485" />
<source file="systems/source-code/d9/d9a0e1381eaae9887b21b03dbabc4858dc9ded27.sol" startline="277" endline="288" pcid="117388" />
</class>

<class classid="1109" nclones="5" nlines="11" similarity="77">
<source file="systems/source-code/50/50ea56f90e09f9c306c164eb4ddd9b7e1105a156.sol" startline="405" endline="422" pcid="22354" />
</class>

<class classid="1122" nclones="2" nlines="10" similarity="77">
<source file="systems/source-code/68/68ae2387c5554e3935d57b08f56833a3198328a0.sol" startline="108" endline="119" pcid="22840" />
<source file="systems/source-code/b3/b345d6c3dbcd10bcc16a0fdc2399ecb4320c074b.sol" startline="108" endline="119" pcid="137150" />
</class>

<class classid="1145" nclones="14" nlines="10" similarity="75">
<source file="systems/source-code/27/2702ff94cb05717bfa47324872ab5c92b07a8982.sol" startline="56" endline="69" pcid="242972" />
<source file="systems/source-code/a9/a922a31c8379b63e770ceabc94f2a77dc5ce40f3.sol" startline="57" endline="70" pcid="473255" />
</class>

<class classid="1235" nclones="2" nlines="19" similarity="81">
<source file="systems/source-code/68/68909e586eeac8f47315e84b4c9788dd54ef65bb.sol" startline="163" endline="188" pcid="24771" />
<source file="systems/source-code/1a/1a95b271b0535d15fa49932daba31ba612b52946.sol" startline="95" endline="121" pcid="281535" />
</class>

<class classid="1236" nclones="4" nlines="17" similarity="75">
<source file="systems/source-code/68/68909e586eeac8f47315e84b4c9788dd54ef65bb.sol" startline="219" endline="239" pcid="24773" />
</class>

<class classid="1240" nclones="12" nlines="10" similarity="77">
<source file="systems/source-code/68/6888a16ea9792c15a4dcf2f6c623d055c8ede792.sol" startline="218" endline="234" pcid="25205" />
</class>

<class classid="1257" nclones="6" nlines="24" similarity="85">
<source file="systems/source-code/cb/cb3123f81b2f3e7fbe0c1d9455a158ad1c217a8b.sol" startline="170" endline="206" pcid="559449" />
<source file="systems/source-code/97/9774126f3f470fb5c45d3ea8fd6198efb07c8eac.sol" startline="170" endline="206" pcid="427527" />
</class>

<class classid="1290" nclones="26" nlines="14" similarity="73">
<source file="systems/source-code/03/03eb69807f87afa5419649c7602ba5501c1c2307.sol" startline="264" endline="295" pcid="34375" />
<source file="systems/source-code/d7/d72f60b2e7649bbc5835d25e30ef917f04d9131c.sol" startline="268" endline="299" pcid="128845" />
<source file="systems/source-code/7f/7fb550255d0daf6de4d9b8d5275d2dc28619b78d.sol" startline="264" endline="295" pcid="656433" />
<source file="systems/source-code/60/6056247d57fbf1e7d2ca01b9b2ac03a12061221b.sol" startline="284" endline="313" pcid="82776" />
<source file="systems/source-code/2b/2bf91c18cd4ae9c2f2858ef9fe518180f7b5096d.sol" startline="169" endline="187" pcid="644056" />
<source file="systems/source-code/55/55886834ca9bbca9f9e49ee188e878e094b7431c.sol" startline="337" endline="368" pcid="424205" />
<source file="systems/source-code/cc/cc0cbd65d62249f90c51461cbb66b98ee6eaaa2c.sol" startline="264" endline="295" pcid="522870" />
</class>

<class classid="1292" nclones="29" nlines="11" similarity="87">
<source file="systems/source-code/d7/d72f60b2e7649bbc5835d25e30ef917f04d9131c.sol" startline="349" endline="382" pcid="128847" />
<source file="systems/source-code/60/6056247d57fbf1e7d2ca01b9b2ac03a12061221b.sol" startline="354" endline="381" pcid="82778" />
</class>

<class classid="1467" nclones="10" nlines="16" similarity="71">
<source file="systems/source-code/b8/b8d24ac55866236b2c7b8fb046ca110d488fba02.sol" startline="226" endline="253" pcid="460268" />
</class>

<class classid="1480" nclones="26" nlines="22" similarity="73">
<source file="systems/source-code/2e/2e394f6a40bf502892a74c1f373cd36e0238785c.sol" startline="44" endline="64" pcid="643043" />
</class>

<class classid="1494" nclones="4" nlines="26" similarity="73">
<source file="systems/source-code/44/44cdebe3093919c94ddba3d77dcef8f0836a09d1.sol" startline="235" endline="256" pcid="324510" />
</class>

<class classid="1557" nclones="12" nlines="10" similarity="75">
<source file="systems/source-code/03/0353837b32aa01d335becedc57a329b8ce0619a7.sol" startline="165" endline="177" pcid="33834" />
</class>

<class classid="1573" nclones="46" nlines="10" similarity="70">
<source file="systems/source-code/d6/d626b209cc0cc8f8b8582a468831ed524711f803.sol" startline="329" endline="341" pcid="158474" />
</class>

<class classid="1601" nclones="5" nlines="17" similarity="72">
<source file="systems/source-code/94/94cac9b8a8e597e5a934b91c0e5a06fe863bde13.sol" startline="171" endline="188" pcid="77050" />
<source file="systems/source-code/06/06426743ab506a2d542e2ef08a680d948917dbe6.sol" startline="187" endline="199" pcid="412133" />
</class>

<class classid="1618" nclones="2" nlines="13" similarity="75">
<source file="systems/source-code/03/03cc979c46b030c4abd7d4063cd075cb38cd0919.sol" startline="460" endline="478" pcid="35817" />
<source file="systems/source-code/03/03cc979c46b030c4abd7d4063cd075cb38cd0919.sol" startline="717" endline="736" pcid="35831" />
</class>

<class classid="1671" nclones="2" nlines="12" similarity="77">
<source file="systems/source-code/9b/9b6fa0bf7e9c1fbd6941d09900fc220262ede90c.sol" startline="23" endline="34" pcid="37421" />
</class>

<class classid="1672" nclones="2" nlines="16" similarity="75">
<source file="systems/source-code/9b/9b6fa0bf7e9c1fbd6941d09900fc220262ede90c.sol" startline="35" endline="53" pcid="37422" />
</class>

<class classid="1776" nclones="2" nlines="12" similarity="72">
<source file="systems/source-code/9e/9e07235e03530a6427c65d2b7d7eff386b22d878.sol" startline="228" endline="241" pcid="39973" />
</class>

<class classid="1816" nclones="3" nlines="13" similarity="77">
<source file="systems/source-code/7a/7acbbd35d59c112071fa627e5f64d9cf79755f20.sol" startline="247" endline="264" pcid="659446" />
</class>

<class classid="1836" nclones="8" nlines="10" similarity="70">
<source file="systems/source-code/0b/0b117cd026eec3af86ebeda40b6b25eed1662e60.sol" startline="179" endline="189" pcid="72363" />
</class>

<class classid="1900" nclones="2" nlines="10" similarity="87">
<source file="systems/source-code/6a/6aa222f0c196b7e79f7926bfbee7d1feb5f21986.sol" startline="48" endline="61" pcid="44108" />
<source file="systems/source-code/7a/7afd1f4a9f1ce7adbe194381d275455cc47c32e8.sol" startline="40" endline="53" pcid="658204" />
</class>

<class classid="1957" nclones="20" nlines="12" similarity="72">
<source file="systems/source-code/6d/6d85320c086aee2ecd2693855fb2164c494fd251.sol" startline="95" endline="109" pcid="408180" />
</class>

<class classid="1991" nclones="2" nlines="14" similarity="83">
<source file="systems/source-code/32/323a3e1693e7a0959f65972f3bf2dfcb93239dfe.sol" startline="1270" endline="1286" pcid="46310" />
<source file="systems/source-code/41/41bd2dac002b683de9f69c4961ee3beb39590639.sol" startline="1280" endline="1295" pcid="578462" />
</class>

<class classid="2046" nclones="3" nlines="12" similarity="70">
<source file="systems/source-code/32/326656615a2751f34cdff5e6b8ac5f64c3a76b36.sol" startline="285" endline="296" pcid="48272" />
</class>

<class classid="2071" nclones="8" nlines="13" similarity="72">
<source file="systems/source-code/fe/fe4b3f29ad96f0422b873d47a9848e9920f9ded7.sol" startline="267" endline="286" pcid="217749" />
</class>

<class classid="2110" nclones="3" nlines="10" similarity="75">
<source file="systems/source-code/35/35d28772130c325403b5ed3cc591368f3baa8250.sol" startline="26" endline="35" pcid="49426" />
</class>

<class classid="2111" nclones="3" nlines="12" similarity="77">
<source file="systems/source-code/76/762788f4f1c0ab1f2b5c13604f377f51cc1942ee.sol" startline="26" endline="36" pcid="630580" />
</class>

<class classid="2143" nclones="7" nlines="11" similarity="75">
<source file="systems/source-code/35/357f07ac89ee6329a70ca837d6bfc16b0275015f.sol" startline="1087" endline="1097" pcid="50554" />
</class>

<class classid="2144" nclones="4" nlines="10" similarity="87">
<source file="systems/source-code/35/357f07ac89ee6329a70ca837d6bfc16b0275015f.sol" startline="1349" endline="1363" pcid="50565" />
</class>

<class classid="2157" nclones="34" nlines="10" similarity="70">
<source file="systems/source-code/35/35b64d548e00566353d7e60370307619c7c5f408.sol" startline="46" endline="56" pcid="51331" />
<source file="systems/source-code/3c/3c09d822c8125d82690616a0a134a64c60da2028.sol" startline="58" endline="67" pcid="54794" />
<source file="systems/source-code/c0/c061737518855ef5f2a853499c49baa08c2c914e.sol" startline="177" endline="188" pcid="187844" />
</class>

<class classid="2180" nclones="7" nlines="16" similarity="92">
<source file="systems/source-code/26/264dc2dedcdcbb897561a57cba5085ca416fb7b4.sol" startline="66" endline="85" pcid="306544" />
</class>

<class classid="2222" nclones="6" nlines="10" similarity="77">
<source file="systems/source-code/a5/a5f6f70fe344b224f78cd2cf90889ae27611d5dc.sol" startline="161" endline="171" pcid="150209" />
</class>

<class classid="2233" nclones="6" nlines="10" similarity="87">
<source file="systems/source-code/fa/fa5ad421ffbc3a0db61b463d393946c783edd7f8.sol" startline="361" endline="371" pcid="539567" />
</class>

<class classid="2338" nclones="2" nlines="17" similarity="86">
<source file="systems/source-code/56/56cc2f2acbb8445b896b4280e4e6bc36409112e7.sol" startline="277" endline="305" pcid="58255" />
<source file="systems/source-code/56/56cc2f2acbb8445b896b4280e4e6bc36409112e7.sol" startline="313" endline="341" pcid="58256" />
</class>

<class classid="2353" nclones="3" nlines="12" similarity="87">
<source file="systems/source-code/1a/1a95b271b0535d15fa49932daba31ba612b52946.sol" startline="45" endline="60" pcid="281531" />
</class>

<class classid="2361" nclones="19" nlines="12" similarity="72">
<source file="systems/source-code/90/90894882a613937de155169ac995b36bab750d3d.sol" startline="485" endline="498" pcid="440603" />
</class>

<class classid="2362" nclones="2" nlines="24" similarity="95">
<source file="systems/source-code/56/56ba2ee7890461f463f7be02aac3099f6d5811a8.sol" startline="251" endline="287" pcid="59135" />
</class>

<class classid="2371" nclones="7" nlines="12" similarity="83">
<source file="systems/source-code/c4/c49e03bdd6809fd168565b26d27d5cf72f9e9525.sol" startline="414" endline="427" pcid="511424" />
</class>

<class classid="2382" nclones="7" nlines="12" similarity="88">
<source file="systems/source-code/e0/e0a8a9b7c821d9bbd66b826129d4cf1b219ebb3a.sol" startline="82" endline="96" pcid="567524" />
<source file="systems/source-code/76/76eec498e1502993324f7da98f0c78380e071098.sol" startline="134" endline="148" pcid="629174" />
</class>

<class classid="2416" nclones="3" nlines="10" similarity="88">
<source file="systems/source-code/3d/3d34cc988d583dd2757acaa18a1e90cfab8b7b1d.sol" startline="355" endline="370" pcid="61688" />
</class>

<class classid="2559" nclones="24" nlines="11" similarity="70">
<source file="systems/source-code/44/4409016e65eb770152316bcdd3f95c8329b4f7c7.sol" startline="170" endline="189" pcid="324535" />
<source file="systems/source-code/88/880d6adb5bb4c8a7f578d31a4ddb0c48bc590fa3.sol" startline="505" endline="516" pcid="335668" />
<source file="systems/source-code/ab/abe64ec568aeb065d0445b9d76f511a7b5ea2d7f.sol" startline="352" endline="363" pcid="168247" />
<source file="systems/source-code/3f/3f45d2d5feb6b4b000d2d3b84442eeddf54a735a.sol" startline="699" endline="718" pcid="390256" />
</class>

<class classid="2575" nclones="4" nlines="27" similarity="71">
<source file="systems/source-code/af/af7aea249098f2c2f50cc11d4000ccf798194373.sol" startline="131" endline="177" pcid="483365" />
<source file="systems/source-code/d4/d42433a8a0a1ceb73c8ff4e432463e2ee109039d.sol" startline="193" endline="224" pcid="449053" />
</class>

<class classid="2593" nclones="3" nlines="10" similarity="75">
<source file="systems/source-code/58/58bf7df57d9da7113c4ccb49d8463d4908c735cb.sol" startline="77" endline="92" pcid="66358" />
</class>

<class classid="2617" nclones="6" nlines="11" similarity="75">
<source file="systems/source-code/58/58054e51c19fa796443043418be91032b99992a3.sol" startline="128" endline="143" pcid="67211" />
<source file="systems/source-code/58/58054e51c19fa796443043418be91032b99992a3.sol" startline="145" endline="160" pcid="67212" />
<source file="systems/source-code/a7/a70f4fecbe032135ad970dceeb9e5076a5be8b1d.sol" startline="217" endline="232" pcid="457239" />
<source file="systems/source-code/5f/5f504ce1b22643e7f193a703b38befc09a0bdf94.sol" startline="125" endline="140" pcid="91677" />
<source file="systems/source-code/5f/5f504ce1b22643e7f193a703b38befc09a0bdf94.sol" startline="142" endline="157" pcid="91678" />
<source file="systems/source-code/a7/a70f4fecbe032135ad970dceeb9e5076a5be8b1d.sol" startline="234" endline="249" pcid="457240" />
</class>

<class classid="2637" nclones="3" nlines="10" similarity="87">
<source file="systems/source-code/c7/c7486ba7ee82aa7b67b684d25a492da82e2d9e51.sol" startline="338" endline="348" pcid="185567" />
</class>

<class classid="2791" nclones="7" nlines="14" similarity="72">
<source file="systems/source-code/93/936cf530568c1a38394b30d896c9cd419d92aa72.sol" startline="210" endline="222" pcid="74007" />
</class>

<class classid="2803" nclones="9" nlines="14" similarity="72">
<source file="systems/source-code/17/17fe31d1286e5a280f8e684d4fdb21e21b93d8e3.sol" startline="86" endline="105" pcid="287570" />
</class>

<class classid="2845" nclones="3" nlines="14" similarity="75">
<source file="systems/source-code/94/94394ebe010332c5a40d946658779d26da3ac92b.sol" startline="415" endline="430" pcid="78033" />
</class>

<class classid="2899" nclones="6" nlines="11" similarity="72">
<source file="systems/source-code/a9/a95592dcffa3c080b4b40e459c5f5692f67db7f8.sol" startline="1147" endline="1168" pcid="472981" />
</class>

<class classid="2976" nclones="6" nlines="13" similarity="77">
<source file="systems/source-code/53/53b117805c5f41e21ad0f2eb81fecf3ab693dce8.sol" startline="657" endline="668" pcid="388853" />
</class>

<class classid="3014" nclones="16" nlines="10" similarity="75">
<source file="systems/source-code/36/3637fcd710b99d2b643af653d60b762d6c310a8b.sol" startline="193" endline="203" pcid="356657" />
</class>

<class classid="3067" nclones="4" nlines="10" similarity="77">
<source file="systems/source-code/62/6238f8b237d81e0a37d32c5765008b51338a5d3d.sol" startline="57" endline="74" pcid="375179" />
</class>

<class classid="3109" nclones="12" nlines="10" similarity="77">
<source file="systems/source-code/9f/9f3d6a14aff7ca1f0bdcac794184b098c5a999a7.sol" startline="254" endline="266" pcid="336727" />
<source file="systems/source-code/bc/bc145bc6bfc6af7370bba5baf6a70dcf4789a3c6.sol" startline="93" endline="111" pcid="160333" />
</class>

<class classid="3126" nclones="3" nlines="30" similarity="76">
<source file="systems/source-code/5a/5a0d7bf44907b48a6af0e6f3e9519811aeaaa925.sol" startline="465" endline="523" pcid="88880" />
</class>

<class classid="3151" nclones="2" nlines="15" similarity="91">
<source file="systems/source-code/5a/5a890d8c8573d623bd72727f2ae8f3caa0d4aed1.sol" startline="308" endline="324" pcid="89262" />
</class>

<class classid="3153" nclones="2" nlines="11" similarity="72">
<source file="systems/source-code/2b/2bb362a97f2bbb87af4cfe4faa6e3f049a5e364f.sol" startline="118" endline="129" pcid="643846" />
</class>

<class classid="3167" nclones="2" nlines="14" similarity="92">
<source file="systems/source-code/5f/5fcf7d4634f385a90cb790ab2a7632b252bbbc08.sol" startline="160" endline="184" pcid="90624" />
<source file="systems/source-code/87/87d598064c736dd0c712d329afcfaa0ccc1921a1.sol" startline="969" endline="999" pcid="274464" />
</class>

<class classid="3176" nclones="4" nlines="11" similarity="70">
<source file="systems/source-code/5f/5fa9bfb614bfcdce2c1138062a559fe8b3a7ead5.sol" startline="182" endline="195" pcid="91197" />
</class>

<class classid="3191" nclones="8" nlines="15" similarity="73">
<source file="systems/source-code/87/87d598064c736dd0c712d329afcfaa0ccc1921a1.sol" startline="1264" endline="1295" pcid="274481" />
<source file="systems/source-code/63/6360c66db2fbf3a39ae3db7f0ed0b551043f13d1.sol" startline="200" endline="217" pcid="431481" />
<source file="systems/source-code/c8/c8fafa727890a6c6209c5d95a417ccf9f78e716b.sol" startline="274" endline="305" pcid="220044" />
<source file="systems/source-code/e4/e403fd53eb2ab7735df442191f9a03dffa459e6f.sol" startline="140" endline="156" pcid="216292" />
</class>

<class classid="3242" nclones="3" nlines="25" similarity="94">
<source file="systems/source-code/86/867ffb5a3871b500f65bdfafe0136f9667deae06.sol" startline="406" endline="452" pcid="318824" />
</class>

<class classid="3283" nclones="3" nlines="14" similarity="84">
<source file="systems/source-code/98/98008a4168b66261cb112d2d4cd940728d033c2e.sol" startline="336" endline="365" pcid="385372" />
</class>

<class classid="3304" nclones="5" nlines="16" similarity="86">
<source file="systems/source-code/25/2584f892a2e50b5493ed108fa61888ba373ec02d.sol" startline="356" endline="385" pcid="669189" />
</class>

<class classid="3313" nclones="2" nlines="26" similarity="80">
<source file="systems/source-code/05/053e43d155519efc4616bdc2a8fef5a4eb4cec4e.sol" startline="81" endline="109" pcid="96169" />
<source file="systems/source-code/73/736638c1e70c3856487776bc3485c24cca8e0135.sol" startline="81" endline="109" pcid="270892" />
</class>

<class classid="3350" nclones="3" nlines="12" similarity="72">
<source file="systems/source-code/41/4118d7f757ad5893b8fa2f95e067994e1f531371.sol" startline="278" endline="290" pcid="579736" />
</class>

<class classid="3368" nclones="5" nlines="27" similarity="75">
<source file="systems/source-code/9d/9d1da8d08a10286402e289a8b5e9f865f2d14d2a.sol" startline="322" endline="352" pcid="99197" />
</class>

<class classid="3488" nclones="2" nlines="12" similarity="70">
<source file="systems/source-code/02/02d9b52c500e3f8f1582bc4c62e725d2b018b2d2.sol" startline="373" endline="399" pcid="104790" />
<source file="systems/source-code/87/8766ac6304e0198c876dd55bf400f3e035431574.sol" startline="54" endline="67" pcid="274595" />
</class>

<class classid="3501" nclones="2" nlines="14" similarity="91">
<source file="systems/source-code/02/02ed9b30e7fb4d4e06495c96810aeb2fac8b2989.sol" startline="253" endline="271" pcid="105390" />
<source file="systems/source-code/6d/6d56fb76d62bbb01cec94612db6bfad81bf65f3a.sol" startline="264" endline="281" pcid="406822" />
</class>

<class classid="3653" nclones="7" nlines="10" similarity="87">
<source file="systems/source-code/36/3637fcd710b99d2b643af653d60b762d6c310a8b.sol" startline="400" endline="409" pcid="356669" />
</class>

<class classid="3664" nclones="2" nlines="41" similarity="76">
<source file="systems/source-code/6b/6b106609bbea6f4c9ace8836aa3fb04c6b586c4e.sol" startline="134" endline="192" pcid="339060" />
</class>

<class classid="3691" nclones="11" nlines="12" similarity="72">
<source file="systems/source-code/b1/b1c8aa106c581d81bc22878ee28df42aa0b56c34.sol" startline="97" endline="107" pcid="463066" />
</class>

<class classid="3692" nclones="2" nlines="13" similarity="70">
<source file="systems/source-code/b5/b56c725467c7eec851b1a4a4222d930932b04e89.sol" startline="427" endline="443" pcid="114087" />
<source file="systems/source-code/ff/ff1f9c77a0f1fd8f48cfeee58b714ca03420ddac.sol" startline="458" endline="475" pcid="540261" />
</class>

<class classid="3715" nclones="7" nlines="11" similarity="90">
<source file="systems/source-code/6d/6d808d3e9175b316c0ecf2c3a35b55a8ddb10ad1.sol" startline="406" endline="417" pcid="406676" />
</class>

<class classid="3730" nclones="2" nlines="17" similarity="83">
<source file="systems/source-code/b2/b24ed9d62d4c660faf56a4cddada06c88b2d5ddb.sol" startline="805" endline="823" pcid="116225" />
<source file="systems/source-code/b2/b24ed9d62d4c660faf56a4cddada06c88b2d5ddb.sol" startline="828" endline="846" pcid="116226" />
</class>

<class classid="3783" nclones="4" nlines="11" similarity="90">
<source file="systems/source-code/48/48946d2452e72103703ad5317c9fa7b3a3d9b5a8.sol" startline="475" endline="492" pcid="588330" />
</class>

<class classid="3825" nclones="5" nlines="10" similarity="77">
<source file="systems/source-code/15/15dbdb25f870f21eaf9105e68e249e0426dae916.sol" startline="360" endline="378" pcid="614789" />
</class>

<class classid="3898" nclones="2" nlines="17" similarity="90">
<source file="systems/source-code/ad/ad347f4f87259fc11bacfe4814275845b98aba0f.sol" startline="751" endline="767" pcid="124195" />
<source file="systems/source-code/ad/ad347f4f87259fc11bacfe4814275845b98aba0f.sol" startline="787" endline="803" pcid="124197" />
</class>

<class classid="3935" nclones="4" nlines="14" similarity="81">
<source file="systems/source-code/44/449f5c827cf7726cc5f181090aa147ca5fb88a40.sol" startline="298" endline="337" pcid="323496" />
</class>

<class classid="3960" nclones="2" nlines="14" similarity="88">
<source file="systems/source-code/d7/d780ae2bf04cd96e577d3d014762f831d97129d0.sol" startline="1822" endline="1841" pcid="127658" />
<source file="systems/source-code/13/13f11c9905a08ca76e3e853be63d4f0944326c72.sol" startline="294" endline="304" pcid="653084" />
</class>

<class classid="3969" nclones="3" nlines="10" similarity="88">
<source file="systems/source-code/d7/d7408546678406f239410acc4f5ac5ca1b633ce5.sol" startline="147" endline="157" pcid="128387" />
<source file="systems/source-code/d7/d7408546678406f239410acc4f5ac5ca1b633ce5.sol" startline="171" endline="181" pcid="128389" />
<source file="systems/source-code/d7/d7408546678406f239410acc4f5ac5ca1b633ce5.sol" startline="159" endline="169" pcid="128388" />
</class>

<class classid="3995" nclones="2" nlines="18" similarity="71">
<source file="systems/source-code/d7/d712722d256df900c42da2a09e7af73663a94f7f.sol" startline="448" endline="475" pcid="129638" />
<source file="systems/source-code/9f/9f9e83f89e9ce97527bf309054e1ee2d4f33f7de.sol" startline="645" endline="678" pcid="336074" />
</class>

<class classid="4044" nclones="3" nlines="11" similarity="70">
<source file="systems/source-code/d0/d0a6e6c54dbc68db5db3a091b171a77407ff7ccf.sol" startline="468" endline="481" pcid="131444" />
</class>

<class classid="4147" nclones="2" nlines="12" similarity="88">
<source file="systems/source-code/b3/b340686da996b8b3d486b4d27e38e38500a9e926.sol" startline="242" endline="251" pcid="136298" />
</class>

<class classid="4148" nclones="3" nlines="13" similarity="75">
<source file="systems/source-code/b3/b340686da996b8b3d486b4d27e38e38500a9e926.sol" startline="277" endline="289" pcid="136301" />
<source file="systems/source-code/d3/d3dff3e1599292f4279cba01eb209a2228f06db0.sol" startline="1183" endline="1202" pcid="446754" />
<source file="systems/source-code/c0/c07e7c1acc5c61a54e24b2af564bdb1e256f72d5.sol" startline="281" endline="304" pcid="187438" />
</class>

<class classid="4212" nclones="5" nlines="12" similarity="90">
<source file="systems/source-code/b6/b61802c06fc7d5bea7d8b4853e6a7fcb53c6a8b0.sol" startline="132" endline="147" pcid="468485" />
</class>

<class classid="4251" nclones="3" nlines="18" similarity="70">
<source file="systems/source-code/df/df55fa6bba67bb660c56d392619912d316ed2074.sol" startline="510" endline="544" pcid="141212" />
<source file="systems/source-code/df/df55fa6bba67bb660c56d392619912d316ed2074.sol" startline="577" endline="607" pcid="141214" />
<source file="systems/source-code/df/df55fa6bba67bb660c56d392619912d316ed2074.sol" startline="546" endline="575" pcid="141213" />
</class>

<class classid="4278" nclones="3" nlines="14" similarity="71">
<source file="systems/source-code/da/da830afa460526071d3d149e898fead664f0a4bb.sol" startline="964" endline="996" pcid="142908" />
<source file="systems/source-code/1b/1b8a506a1fc508f840a05ff0a4c665a4579c4e75.sol" startline="165" endline="192" pcid="583294" />
<source file="systems/source-code/4f/4f6be59d4203db1e231b66d426531eae4b283dfb.sol" startline="150" endline="176" pcid="609033" />
</class>

<class classid="4312" nclones="2" nlines="15" similarity="71">
<source file="systems/source-code/f0/f0d1a6dfcce7fb23fee76d8ed89e780c5a2c1885.sol" startline="302" endline="327" pcid="529419" />
</class>

<class classid="4313" nclones="2" nlines="16" similarity="93">
<source file="systems/source-code/f0/f0d1a6dfcce7fb23fee76d8ed89e780c5a2c1885.sol" startline="353" endline="382" pcid="529423" />
</class>

<class classid="4343" nclones="4" nlines="15" similarity="72">
<source file="systems/source-code/b4/b482e1e12435382f7cb9c4d2e356882e1ac96428.sol" startline="269" endline="290" pcid="147148" />
</class>

<class classid="4362" nclones="7" nlines="17" similarity="80">
<source file="systems/source-code/ff/ffe2e9b263458d5e5f4d9e132caa085bab1af3ec.sol" startline="174" endline="206" pcid="540997" />
<source file="systems/source-code/a2/a21c9a3ae47103b1fd1dfa04766c4d00c19e1ff6.sol" startline="192" endline="223" pcid="149102" />
</class>

<class classid="4387" nclones="7" nlines="11" similarity="70">
<source file="systems/source-code/a2/a22160bea244f00bef5a0b1ca85977b005716fec.sol" startline="321" endline="339" pcid="149420" />
<source file="systems/source-code/13/13646d839725a5e88555a694ac94696824a18332.sol" startline="176" endline="187" pcid="654134" />
</class>

<class classid="4389" nclones="3" nlines="12" similarity="77">
<source file="systems/source-code/a2/a2437d1cc372dfe4a1145bc74cb6061f1665d2d3.sol" startline="84" endline="95" pcid="149435" />
</class>

<class classid="4390" nclones="3" nlines="15" similarity="80">
<source file="systems/source-code/a5/a5fd9078ab76f6f56b5f69435f0f008e5a7bddc7.sol" startline="99" endline="109" pcid="149600" />
</class>

<class classid="4454" nclones="3" nlines="10" similarity="88">
<source file="systems/source-code/4c/4c2e198cf5ee4ca4d6e9e0c1b2b954f9101c7fc1.sol" startline="124" endline="133" pcid="303686" />
</class>

<class classid="4456" nclones="3" nlines="11" similarity="80">
<source file="systems/source-code/4c/4c2e198cf5ee4ca4d6e9e0c1b2b954f9101c7fc1.sol" startline="186" endline="195" pcid="303693" />
</class>

<class classid="4502" nclones="6" nlines="10" similarity="87">
<source file="systems/source-code/87/8702b8d7a1eefec7e54636e26a9323dc96a8dc25.sol" startline="644" endline="663" pcid="272903" />
<source file="systems/source-code/c0/c0a1f89bbcaddab4b736e786b6b16c67bc92ed35.sol" startline="704" endline="724" pcid="188558" />
</class>

<class classid="4522" nclones="2" nlines="16" similarity="73">
<source file="systems/source-code/d1/d15c99163799f81c4a585c50ed79a78e06c0b6ae.sol" startline="122" endline="138" pcid="155801" />
<source file="systems/source-code/46/46fc127ed9885567d7a7fbfebec76278e55e2e4d.sol" startline="121" endline="136" pcid="568984" />
</class>

<class classid="4612" nclones="3" nlines="16" similarity="83">
<source file="systems/source-code/bc/bc145bc6bfc6af7370bba5baf6a70dcf4789a3c6.sol" startline="383" endline="400" pcid="160351" />
<source file="systems/source-code/bc/bc145bc6bfc6af7370bba5baf6a70dcf4789a3c6.sol" startline="422" endline="439" pcid="160353" />
<source file="systems/source-code/bc/bc145bc6bfc6af7370bba5baf6a70dcf4789a3c6.sol" startline="403" endline="419" pcid="160352" />
</class>

<class classid="4698" nclones="2" nlines="22" similarity="84">
<source file="systems/source-code/ae/aed206d6d77e34672721c4b0d2d42b6217658325.sol" startline="274" endline="307" pcid="164929" />
<source file="systems/source-code/1c/1c0a9bbaddb924b42e3145610960dde119779560.sol" startline="276" endline="309" pcid="632797" />
</class>

<class classid="4699" nclones="2" nlines="20" similarity="82">
<source file="systems/source-code/ae/aed206d6d77e34672721c4b0d2d42b6217658325.sol" startline="313" endline="343" pcid="164930" />
<source file="systems/source-code/1c/1c0a9bbaddb924b42e3145610960dde119779560.sol" startline="315" endline="345" pcid="632798" />
</class>

<class classid="4763" nclones="2" nlines="10" similarity="77">
<source file="systems/source-code/ab/abea06495abd2498ef7371bda82b0c5269cb8eff.sol" startline="68" endline="84" pcid="169086" />
<source file="systems/source-code/f1/f145cc0345f95d45ea5fda21ef8abd1b824cbe0d.sol" startline="62" endline="74" pcid="554905" />
</class>

<class classid="4769" nclones="4" nlines="11" similarity="80">
<source file="systems/source-code/62/622dffcc4e83c64ba959530a5a5580687a57581b.sol" startline="382" endline="402" pcid="376582" />
</class>

<class classid="4923" nclones="2" nlines="12" similarity="77">
<source file="systems/source-code/f4/f4dfe5e127df0986b2ba2cc15e173eaec507713a.sol" startline="879" endline="890" pcid="178838" />
<source file="systems/source-code/f4/f4dfe5e127df0986b2ba2cc15e173eaec507713a.sol" startline="892" endline="902" pcid="178839" />
</class>

<class classid="4969" nclones="2" nlines="25" similarity="90">
<source file="systems/source-code/eb/ebdd8052b88206f2dc9d1bc2534297e28fbb48f8.sol" startline="598" endline="618" pcid="182144" />
<source file="systems/source-code/5d/5d0d6be4295fea5df1abc68fd4db31c189c20321.sol" startline="640" endline="663" pcid="363573" />
</class>

<class classid="4970" nclones="2" nlines="18" similarity="87">
<source file="systems/source-code/eb/ebdd8052b88206f2dc9d1bc2534297e28fbb48f8.sol" startline="665" endline="684" pcid="182147" />
<source file="systems/source-code/5d/5d0d6be4295fea5df1abc68fd4db31c189c20321.sol" startline="709" endline="731" pcid="363576" />
</class>

<class classid="5017" nclones="2" nlines="11" similarity="70">
<source file="systems/source-code/c7/c7130eabaf24429a3963aff68b51ed31f2686097.sol" startline="110" endline="120" pcid="184253" />
<source file="systems/source-code/8c/8c5227134c834815d0dfa5c6d66d9aaa281aeae0.sol" startline="103" endline="113" pcid="618040" />
</class>

<class classid="5018" nclones="2" nlines="10" similarity="77">
<source file="systems/source-code/c7/c735ba2f48caff798c3a4e9e22cdbf62ff804fd0.sol" startline="230" endline="252" pcid="184396" />
<source file="systems/source-code/76/76dc101cf28c5268f9562a281e9b720b7b7d6e2d.sol" startline="216" endline="239" pcid="630251" />
</class>

<class classid="5046" nclones="3" nlines="16" similarity="93">
<source file="systems/source-code/c0/c07e7c1acc5c61a54e24b2af564bdb1e256f72d5.sol" startline="80" endline="95" pcid="187426" />
</class>

<class classid="5048" nclones="2" nlines="22" similarity="72">
<source file="systems/source-code/c0/c07e7c1acc5c61a54e24b2af564bdb1e256f72d5.sol" startline="191" endline="214" pcid="187431" />
<source file="systems/source-code/c0/c07e7c1acc5c61a54e24b2af564bdb1e256f72d5.sol" startline="216" endline="235" pcid="187432" />
</class>

<class classid="5142" nclones="7" nlines="19" similarity="78">
<source file="systems/source-code/7e/7e312bdb6ae3bb7ecf2fe2606533a330fbf583e4.sol" startline="115" endline="131" pcid="297095" />
</class>

<class classid="5146" nclones="9" nlines="11" similarity="70">
<source file="systems/source-code/11/11b03e05219522c6d1ba115391ba1066dae7932f.sol" startline="3" endline="3" pcid="247908" />
<source file="systems/source-code/6b/6bdfc84ebc6db38c55649260ac308a7aec7e441b.sol" startline="2" endline="2" pcid="339102" />
<source file="systems/source-code/e4/e434e0901ebd0d6a1b2a92b2495b23b83c0851c0.sol" startline="3" endline="3" pcid="216234" />
</class>

<class classid="5151" nclones="2" nlines="10" similarity="88">
<source file="systems/source-code/fc/fc9ec868f4c8c586d1bb7586870908cca53d5f38.sol" startline="104" endline="114" pcid="197002" />
<source file="systems/source-code/fc/fc9ec868f4c8c586d1bb7586870908cca53d5f38.sol" startline="121" endline="132" pcid="197003" />
</class>

<class classid="5212" nclones="4" nlines="10" similarity="77">
<source file="systems/source-code/74/74a492720ab2cf59261b14bc89e78f8147a96f61.sol" startline="318" endline="339" pcid="277895" />
</class>

<class classid="5214" nclones="4" nlines="12" similarity="80">
<source file="systems/source-code/fb/fb8596ed07c4e2973af7d7847aa14e1bed09c09d.sol" startline="106" endline="121" pcid="223964" />
</class>

<class classid="5240" nclones="3" nlines="14" similarity="75">
<source file="systems/source-code/e6/e65b457acd1429627577484e2707de3a3fe26a24.sol" startline="1372" endline="1392" pcid="524298" />
</class>

<class classid="5289" nclones="9" nlines="11" similarity="70">
<source file="systems/source-code/cf/cf3a6ec03b0e8e8525933d4e2439d4d5ee2763ce.sol" startline="64" endline="84" pcid="210030" />
</class>

<class classid="5398" nclones="2" nlines="15" similarity="91">
<source file="systems/source-code/e4/e4200db994b4a672d1ea323ce39825ea751cfe57.sol" startline="149" endline="176" pcid="215878" />
<source file="systems/source-code/6e/6e5f94d66846e05eb8a5f83c9c9691ee72fd5e9e.sol" startline="189" endline="216" pcid="351295" />
</class>

<class classid="5404" nclones="2" nlines="12" similarity="72">
<source file="systems/source-code/e4/e403fd53eb2ab7735df442191f9a03dffa459e6f.sol" startline="158" endline="170" pcid="216293" />
<source file="systems/source-code/0a/0a17e3788787eac51c23e0d04d14f4743737edef.sol" startline="1277" endline="1288" pcid="436277" />
</class>

<class classid="5443" nclones="3" nlines="11" similarity="90">
<source file="systems/source-code/f8/f85a2e95fa30d005f629cbe6c6d2887d979fff2a.sol" startline="127" endline="138" pcid="561447" />
</class>

<class classid="5456" nclones="2" nlines="12" similarity="81">
<source file="systems/source-code/c8/c8d40dd5f0967d7de1e65f358c5c7f546b1c09ec.sol" startline="246" endline="257" pcid="221321" />
<source file="systems/source-code/f7/f7ed56c1ac4d038e367a987258b86fc883b960a1.sol" startline="1500" endline="1522" pcid="532928" />
</class>

<class classid="5465" nclones="3" nlines="28" similarity="78">
<source file="systems/source-code/d3/d3a97d46fd0c28a5a035a4e0813afe7c2c1376bd.sol" startline="246" endline="291" pcid="444549" />
</class>

<class classid="5470" nclones="2" nlines="19" similarity="81">
<source file="systems/source-code/c8/c8110527a0b803c0ba15456861d720864915b6ed.sol" startline="1331" endline="1349" pcid="221808" />
<source file="systems/source-code/4c/4c54a332e3c962d5e513c3cc927c4ccf3452c79c.sol" startline="1333" endline="1351" pcid="304934" />
</class>

<class classid="5498" nclones="3" nlines="10" similarity="88">
<source file="systems/source-code/fb/fbdb4f34608da96196a0eaebb72e7c13dc2c8058.sol" startline="114" endline="123" pcid="223193" />
<source file="systems/source-code/ec/ec71870d02ba5c392ec8f64837e314b28afa4222.sol" startline="59" endline="68" pcid="234236" />
<source file="systems/source-code/fb/fbdb4f34608da96196a0eaebb72e7c13dc2c8058.sol" startline="124" endline="133" pcid="223194" />
</class>

<class classid="5536" nclones="2" nlines="28" similarity="81">
<source file="systems/source-code/a9/a97ff44cff7101fac76af172f088f400f28cb4e9.sol" startline="200" endline="241" pcid="471759" />
</class>

<class classid="5546" nclones="7" nlines="11" similarity="70">
<source file="systems/source-code/97/975e718da88b619738fbc548a258d1639498d32e.sol" startline="207" endline="219" pcid="428713" />
<source file="systems/source-code/b0/b03a0c5efd39e22dfa6e00b324812e205f21bdf1.sol" startline="254" endline="275" pcid="495205" />
</class>

<class classid="5685" nclones="5" nlines="11" similarity="70">
<source file="systems/source-code/13/13646d839725a5e88555a694ac94696824a18332.sol" startline="158" endline="168" pcid="654133" />
</class>

<class classid="5765" nclones="6" nlines="12" similarity="71">
<source file="systems/source-code/5e/5e851c761fc6b8da67459a74f7e2849032473d1f.sol" startline="422" endline="438" pcid="396014" />
</class>

<class classid="5799" nclones="8" nlines="11" similarity="70">
<source file="systems/source-code/11/119b721777598f3ee7a7e63baba09cc2a0b0b0b5.sol" startline="107" endline="127" pcid="249374" />
</class>

<class classid="5894" nclones="2" nlines="18" similarity="73">
<source file="systems/source-code/16/162e8ff9d5bc3112fb3b2dec0580a4011f3cc622.sol" startline="1283" endline="1299" pcid="257365" />
<source file="systems/source-code/41/4156a19e82d48c1d7edb630e3e9cabf21c893eea.sol" startline="1279" endline="1296" pcid="579640" />
</class>

<class classid="5910" nclones="3" nlines="13" similarity="91">
<source file="systems/source-code/26/26e75307fc0c021472feb8f727839531f112f317.sol" startline="208" endline="220" pcid="307370" />
</class>

<class classid="5970" nclones="2" nlines="15" similarity="92">
<source file="systems/source-code/45/45e09dd6fd492fa317c36e8f94cb19a566758426.sol" startline="97" endline="120" pcid="266981" />
</class>

<class classid="5985" nclones="14" nlines="13" similarity="90">
<source file="systems/source-code/6e/6e50a486ca037e92ccb3a5ab3d084626b546c9c0.sol" startline="348" endline="368" pcid="351760" />
</class>

<class classid="5986" nclones="14" nlines="14" similarity="91">
<source file="systems/source-code/6e/6e50a486ca037e92ccb3a5ab3d084626b546c9c0.sol" startline="374" endline="394" pcid="351761" />
</class>

<class classid="6034" nclones="5" nlines="14" similarity="70">
<source file="systems/source-code/3f/3f60a98202cf7ac8be9afc077e6c28f2638009f4.sol" startline="274" endline="308" pcid="391056" />
</class>

<class classid="6043" nclones="2" nlines="10" similarity="77">
<source file="systems/source-code/87/87a6d6b84e2c53b5178084c6bf513c569afc17f8.sol" startline="187" endline="199" pcid="274212" />
</class>

<class classid="6059" nclones="4" nlines="10" similarity="77">
<source file="systems/source-code/80/80fb784b7ed66730e8b1dbd9820afd29931aab03.sol" startline="188" endline="201" pcid="276492" />
<source file="systems/source-code/c5/c5de7ac5ea11651f25c0738efa176010553bc323.sol" startline="196" endline="209" pcid="544658" />
</class>

<class classid="6081" nclones="2" nlines="12" similarity="72">
<source file="systems/source-code/74/7457409c47beb2440feb0ee9e7e1b6b0d16b7fe4.sol" startline="445" endline="473" pcid="279019" />
<source file="systems/source-code/1a/1a1064ecd8ac2eb44df7d7db610872f49bb1a37a.sol" startline="682" endline="703" pcid="281656" />
</class>

<class classid="6092" nclones="3" nlines="16" similarity="73">
<source file="systems/source-code/74/740650f830a0aec0f27821174d1b5737f9636017.sol" startline="495" endline="515" pcid="279659" />
<source file="systems/source-code/aa/aac3090257be280087d8bdc530265203d105b120.sol" startline="418" endline="439" pcid="478804" />
<source file="systems/source-code/31/317b5d5dcf9bfcc6799bd76571c4171bdb40916a.sol" startline="578" endline="598" pcid="367096" />
</class>

<class classid="6113" nclones="2" nlines="14" similarity="92">
<source file="systems/source-code/1a/1aa800840f7524938bedafa460997ba30ec4b235.sol" startline="362" endline="375" pcid="281499" />
<source file="systems/source-code/1a/1aa800840f7524938bedafa460997ba30ec4b235.sol" startline="377" endline="390" pcid="281500" />
</class>

<class classid="6166" nclones="2" nlines="47" similarity="78">
<source file="systems/source-code/17/17ac7de614fbdc988b693f7175cc14d7301210a1.sol" startline="190" endline="252" pcid="287176" />
</class>

<class classid="6196" nclones="3" nlines="15" similarity="76">
<source file="systems/source-code/9a/9a1f53a3d0ea54a60918a9c79c8d8b5d955d65ed.sol" startline="776" endline="797" pcid="353609" />
</class>

<class classid="6197" nclones="3" nlines="18" similarity="92">
<source file="systems/source-code/96/963d62ed58afb5701603b8d7247f423bae0deb35.sol" startline="688" endline="713" pcid="379014" />
</class>

<class classid="6240" nclones="2" nlines="28" similarity="95">
<source file="systems/source-code/7e/7efa60b81287f7e609495833a6ce5475c8441bb7.sol" startline="220" endline="279" pcid="296088" />
<source file="systems/source-code/96/96ba8b8021be1bd508ee81ae028bc9b8c1c3e787.sol" startline="193" endline="243" pcid="377187" />
</class>

<class classid="6244" nclones="2" nlines="11" similarity="77">
<source file="systems/source-code/7e/7ec9dcde3627e5a60cb124056ba3dd0520e601e6.sol" startline="136" endline="148" pcid="296423" />
<source file="systems/source-code/e0/e03070d46c30b30cfc792fa3b586f2b71be89ad1.sol" startline="749" endline="762" pcid="566555" />
</class>

<class classid="6251" nclones="2" nlines="16" similarity="91">
<source file="systems/source-code/7e/7eb5a5ffac9f4e10a8745160efcc2568ee9f7879.sol" startline="109" endline="129" pcid="297429" />
<source file="systems/source-code/7e/7eb5a5ffac9f4e10a8745160efcc2568ee9f7879.sol" startline="132" endline="153" pcid="297430" />
</class>

<class classid="6293" nclones="3" nlines="12" similarity="81">
<source file="systems/source-code/4c/4cba96e12b8085fd9bc17fb37290b6bf9a213863.sol" startline="43" endline="55" pcid="304416" />
</class>

<class classid="6361" nclones="2" nlines="16" similarity="92">
<source file="systems/source-code/26/26d08b9d227933a85e855656dc46ab889e183c88.sol" startline="86" endline="103" pcid="305830" />
<source file="systems/source-code/98/98734f75997de18ccf9a495805b4e01b2f8b0cbb.sol" startline="94" endline="111" pcid="387068" />
</class>

<class classid="6381" nclones="5" nlines="13" similarity="70">
<source file="systems/source-code/90/904079be18b34fefea1307bc5e3c29ada6f201dc.sol" startline="284" endline="307" pcid="441499" />
<source file="systems/source-code/30/300a0a820d8fb6e77850da5eaa8df64bbff5746d.sol" startline="868" endline="880" pcid="395108" />
</class>

<class classid="6424" nclones="4" nlines="19" similarity="92">
<source file="systems/source-code/21/218d9c723464cd066345e004b282476a1995924b.sol" startline="391" endline="409" pcid="310625" />
</class>

<class classid="6453" nclones="3" nlines="14" similarity="75">
<source file="systems/source-code/6b/6ba6f2207e343923ba692e5cae646fb0f566db8d.sol" startline="60" endline="73" pcid="338491" />
</class>

<class classid="6504" nclones="2" nlines="27" similarity="77">
<source file="systems/source-code/81/810d737b31ea76722b48a13dfed7ae23908cbe78.sol" startline="208" endline="258" pcid="317388" />
<source file="systems/source-code/b9/b9132c68dd9f8b35334ceb2171c6b9fc09fc9233.sol" startline="181" endline="230" pcid="500336" />
</class>

<class classid="6509" nclones="2" nlines="12" similarity="72">
<source file="systems/source-code/86/867ffb5a3871b500f65bdfafe0136f9667deae06.sol" startline="491" endline="512" pcid="318827" />
<source file="systems/source-code/86/867ffb5a3871b500f65bdfafe0136f9667deae06.sol" startline="553" endline="576" pcid="318829" />
</class>

<class classid="6558" nclones="2" nlines="15" similarity="75">
<source file="systems/source-code/71/7199c3fbc0832e8798d2514eeaa88f0ce597698d.sol" startline="175" endline="190" pcid="628125" />
</class>

<class classid="6564" nclones="2" nlines="26" similarity="71">
<source file="systems/source-code/e0/e0a8a9b7c821d9bbd66b826129d4cf1b219ebb3a.sol" startline="136" endline="174" pcid="567531" />
</class>

<class classid="6590" nclones="3" nlines="28" similarity="90">
<source file="systems/source-code/09/09133d5acff2353d3860f1dc455589a941cf5ebd.sol" startline="288" endline="328" pcid="362081" />
</class>

<class classid="6603" nclones="2" nlines="38" similarity="90">
<source file="systems/source-code/43/43f208d94a82cc2749a140b5e82636f31ce0390d.sol" startline="1097" endline="1155" pcid="330605" />
<source file="systems/source-code/dd/dd97853ba34af302f3d6a6415a750ae38e26d1fc.sol" startline="1096" endline="1154" pcid="465964" />
</class>

<class classid="6609" nclones="3" nlines="10" similarity="88">
<source file="systems/source-code/43/43f833373a44f4452a9d23a182008cf219445ec9.sol" startline="378" endline="390" pcid="330921" />
</class>

<class classid="6642" nclones="2" nlines="12" similarity="72">
<source file="systems/source-code/88/88ca8f76aab5f99987bece8b9147f2d4be98403a.sol" startline="114" endline="126" pcid="335221" />
<source file="systems/source-code/1b/1b68c6d4a3b27aa43619750bf9d7578fd29ee6fe.sol" startline="114" endline="126" pcid="584479" />
</class>

<class classid="6682" nclones="3" nlines="13" similarity="91">
<source file="systems/source-code/ea/eae08961bf8bfe92879b1455c96893e313c8d858.sol" startline="786" endline="801" pcid="514007" />
</class>

<class classid="6694" nclones="7" nlines="12" similarity="77">
<source file="systems/source-code/49/49a89cc89e347493d9a5349dc8af59817653af4a.sol" startline="254" endline="266" pcid="638243" />
</class>

<class classid="6731" nclones="3" nlines="11" similarity="70">
<source file="systems/source-code/bf/bfbcf2059f5436167459ed802489e69f5b41decf.sol" startline="1455" endline="1474" pcid="443479" />
</class>

<class classid="6778" nclones="3" nlines="17" similarity="78">
<source file="systems/source-code/1b/1bd3435b7db7dd77753b1283e2a9d751f000367b.sol" startline="352" endline="372" pcid="584381" />
</class>

<class classid="6796" nclones="2" nlines="12" similarity="72">
<source file="systems/source-code/5c/5c6554f85c23773fd991163cfd804ec78591ef0e.sol" startline="142" endline="160" pcid="358977" />
<source file="systems/source-code/52/522995f5101739feb07e58054e958d048df5a620.sol" startline="121" endline="134" pcid="420756" />
</class>

<class classid="6837" nclones="2" nlines="14" similarity="76">
<source file="systems/source-code/5d/5d003153574d43ea168277bb5e5a75a99af34e8f.sol" startline="468" endline="492" pcid="363413" />
<source file="systems/source-code/84/8408f6f74044c1705a99b4675c9d7f534d30eb29.sol" startline="84" endline="116" pcid="597679" />
</class>

<class classid="6843" nclones="2" nlines="13" similarity="90">
<source file="systems/source-code/5d/5d95423431507d512c2d8b0bf7280a7af22cce12.sol" startline="350" endline="364" pcid="364512" />
<source file="systems/source-code/de/deda464fead5be760016aecfae245aa6a7bd755b.sol" startline="284" endline="298" pcid="492097" />
</class>

<class classid="6944" nclones="2" nlines="11" similarity="90">
<source file="systems/source-code/96/96cd136f1afb1f8934e6cb6495eaf24140f70325.sol" startline="149" endline="159" pcid="379106" />
<source file="systems/source-code/96/96cd136f1afb1f8934e6cb6495eaf24140f70325.sol" startline="161" endline="171" pcid="379107" />
</class>

<class classid="6965" nclones="2" nlines="13" similarity="77">
<source file="systems/source-code/54/54d17db378717b433c1369d1628d92840202dc88.sol" startline="950" endline="960" pcid="382898" />
<source file="systems/source-code/a9/a95592dcffa3c080b4b40e459c5f5692f67db7f8.sol" startline="858" endline="869" pcid="472962" />
</class>

<class classid="6966" nclones="2" nlines="20" similarity="71">
<source file="systems/source-code/54/54d17db378717b433c1369d1628d92840202dc88.sol" startline="993" endline="1016" pcid="382903" />
<source file="systems/source-code/54/54d17db378717b433c1369d1628d92840202dc88.sol" startline="1018" endline="1042" pcid="382904" />
</class>

<class classid="6968" nclones="2" nlines="11" similarity="70">
<source file="systems/source-code/54/5421dc2b06a3b1a8206c644b98b34f0768344edc.sol" startline="402" endline="424" pcid="383425" />
<source file="systems/source-code/54/5421dc2b06a3b1a8206c644b98b34f0768344edc.sol" startline="645" endline="667" pcid="383439" />
</class>

<class classid="7015" nclones="2" nlines="11" similarity="80">
<source file="systems/source-code/3f/3fd30f3e1fbf4f3ea6bdf3e3bb11826266708869.sol" startline="572" endline="585" pcid="391458" />
<source file="systems/source-code/25/25b16c95f3ebb1d8583a1c173f81257bc916a9be.sol" startline="1100" endline="1114" pcid="667808" />
</class>

<class classid="7087" nclones="2" nlines="15" similarity="72">
<source file="systems/source-code/5b/5bf81303cfcaf70cc12214faea3554c5a21eac89.sol" startline="821" endline="826" pcid="399156" />
<source file="systems/source-code/5b/5bf81303cfcaf70cc12214faea3554c5a21eac89.sol" startline="828" endline="833" pcid="399157" />
</class>

<class classid="7089" nclones="2" nlines="23" similarity="84">
<source file="systems/source-code/5b/5befe0f9a29ba63aec7664e7f5e9c198e5be113b.sol" startline="220" endline="244" pcid="399603" />
<source file="systems/source-code/5b/5befe0f9a29ba63aec7664e7f5e9c198e5be113b.sol" startline="246" endline="270" pcid="399604" />
</class>

<class classid="7090" nclones="2" nlines="18" similarity="76">
<source file="systems/source-code/5b/5befe0f9a29ba63aec7664e7f5e9c198e5be113b.sol" startline="272" endline="290" pcid="399605" />
<source file="systems/source-code/5b/5befe0f9a29ba63aec7664e7f5e9c198e5be113b.sol" startline="292" endline="310" pcid="399606" />
</class>

<class classid="7212" nclones="2" nlines="21" similarity="82">
<source file="systems/source-code/39/393709845c63b7ac16ea60b6cda230a53693f2f4.sol" startline="463" endline="481" pcid="416451" />
<source file="systems/source-code/39/393709845c63b7ac16ea60b6cda230a53693f2f4.sol" startline="483" endline="504" pcid="416452" />
</class>

<class classid="7317" nclones="2" nlines="12" similarity="77">
<source file="systems/source-code/97/97dd376e5ccef843f214bd6cff4196aad4f3918b.sol" startline="460" endline="474" pcid="427459" />
<source file="systems/source-code/97/97dd376e5ccef843f214bd6cff4196aad4f3918b.sol" startline="527" endline="542" pcid="427463" />
</class>

<class classid="7350" nclones="2" nlines="18" similarity="73">
<source file="systems/source-code/63/636740e327726fa05f720b10ec2d71e0cd4ae2a4.sol" startline="113" endline="133" pcid="431745" />
</class>

<class classid="7355" nclones="2" nlines="22" similarity="95">
<source file="systems/source-code/0f/0ff40d701e0bec9e79e1cbcb281d3f34376da740.sol" startline="408" endline="440" pcid="432919" />
<source file="systems/source-code/0f/0ff40d701e0bec9e79e1cbcb281d3f34376da740.sol" startline="446" endline="478" pcid="432920" />
</class>

<class classid="7372" nclones="2" nlines="13" similarity="91">
<source file="systems/source-code/0f/0fa8051dbdbbcc32d602803d5f1de1e6f92a0bbd.sol" startline="438" endline="451" pcid="434098" />
<source file="systems/source-code/e1/e171783da2c451186b4256727481fa30203fef86.sol" startline="438" endline="451" pcid="518298" />
</class>

<class classid="7408" nclones="3" nlines="11" similarity="80">
<source file="systems/source-code/90/90528aeb3a2b736b780fd1b6c478bb7e1d643170.sol" startline="138" endline="154" pcid="441125" />
</class>

<class classid="7442" nclones="2" nlines="46" similarity="71">
<source file="systems/source-code/d3/d3e64580cb5b4d079514dcf2996dea6095a57e30.sol" startline="52" endline="111" pcid="445664" />
<source file="systems/source-code/d3/d3e64580cb5b4d079514dcf2996dea6095a57e30.sol" startline="114" endline="167" pcid="445665" />
</class>

<class classid="7479" nclones="3" nlines="24" similarity="90">
<source file="systems/source-code/8b/8bbf4dd0f11b3a535660fd7fcb7158daebd3a17e.sol" startline="150" endline="180" pcid="652918" />
</class>

<class classid="7498" nclones="2" nlines="12" similarity="90">
<source file="systems/source-code/a0/a04ebf9bf9994ec776b6e8621b8ac75e32767dcd.sol" startline="161" endline="173" pcid="455340" />
<source file="systems/source-code/a0/a04ebf9bf9994ec776b6e8621b8ac75e32767dcd.sol" startline="175" endline="188" pcid="455341" />
</class>

<class classid="7510" nclones="2" nlines="13" similarity="91">
<source file="systems/source-code/b8/b8c07c219202afd165b7ecfd5800b7e941338193.sol" startline="257" endline="275" pcid="458828" />
<source file="systems/source-code/b8/b8c07c219202afd165b7ecfd5800b7e941338193.sol" startline="278" endline="296" pcid="458829" />
</class>

<class classid="7514" nclones="2" nlines="14" similarity="90">
<source file="systems/source-code/b8/b8dc4140d627d00e8a3c933660bc5ec83ba61718.sol" startline="134" endline="146" pcid="458902" />
<source file="systems/source-code/b8/b8dc4140d627d00e8a3c933660bc5ec83ba61718.sol" startline="160" endline="172" pcid="458904" />
</class>

<class classid="7553" nclones="2" nlines="12" similarity="80">
<source file="systems/source-code/a9/a9e3440d5c64e99c77410ec4b15746b835add59e.sol" startline="1372" endline="1390" pcid="471543" />
<source file="systems/source-code/a9/a9e3440d5c64e99c77410ec4b15746b835add59e.sol" startline="1397" endline="1415" pcid="471545" />
</class>

<class classid="7589" nclones="2" nlines="10" similarity="77">
<source file="systems/source-code/aa/aa601d8b0405612b1308ba8122e186d765f860f0.sol" startline="115" endline="126" pcid="481748" />
<source file="systems/source-code/f9/f9c56d7e9e7e17d43a8f900aa65e8573c6f7a8c3.sol" startline="115" endline="126" pcid="527232" />
</class>

<class classid="7682" nclones="2" nlines="20" similarity="87">
<source file="systems/source-code/a1/a115ccb6cac90107b815812ff1621bfd057abf4b.sol" startline="174" endline="199" pcid="504629" />
<source file="systems/source-code/ef/efe17f088be79ba802b60ea84ebafb255ea18aa4.sol" startline="172" endline="197" pcid="507383" />
</class>

<class classid="7719" nclones="2" nlines="23" similarity="80">
<source file="systems/source-code/c4/c43cd80936e12d5b6e6d9fe9c90f4a9549e76047.sol" startline="161" endline="203" pcid="512992" />
<source file="systems/source-code/8e/8e43d7a5c4b2de24b728deff0e666fe674b3ca91.sol" startline="150" endline="191" pcid="664783" />
</class>

<class classid="7749" nclones="2" nlines="21" similarity="82">
<source file="systems/source-code/cd/cd26ce4798358115858a1a9713ecac09b472a320.sol" startline="108" endline="146" pcid="519015" />
<source file="systems/source-code/cd/cd26ce4798358115858a1a9713ecac09b472a320.sol" startline="160" endline="198" pcid="519017" />
</class>

<class classid="7757" nclones="2" nlines="28" similarity="71">
<source file="systems/source-code/cc/cced5b8288086be8c38e23567e684c3740be4d48.sol" startline="143" endline="174" pcid="521761" />
<source file="systems/source-code/cc/cced5b8288086be8c38e23567e684c3740be4d48.sol" startline="188" endline="221" pcid="521763" />
</class>

<class classid="7766" nclones="2" nlines="11" similarity="87">
<source file="systems/source-code/cc/cc6cc2f648686af73d1efbe7f9b7e4ae3566652a.sol" startline="339" endline="349" pcid="523048" />
<source file="systems/source-code/7f/7f85141f4c463b194017e849db8973c7961476ce.sol" startline="319" endline="329" pcid="657039" />
</class>

<class classid="7825" nclones="2" nlines="17" similarity="72">
<source file="systems/source-code/c5/c55e5e72911fab07ef912c58e6dc168d73348820.sol" startline="128" endline="140" pcid="544720" />
<source file="systems/source-code/1e/1e2e9cabb5744c314de7978c081bd57c357e000d.sol" startline="939" endline="951" pcid="596212" />
</class>

<class classid="7827" nclones="2" nlines="22" similarity="94">
<source file="systems/source-code/c2/c233a13bd3259036a4e80be074c322fd4ce3c549.sol" startline="56" endline="82" pcid="547028" />
<source file="systems/source-code/c2/c233a13bd3259036a4e80be074c322fd4ce3c549.sol" startline="84" endline="111" pcid="547029" />
</class>

<class classid="7895" nclones="3" nlines="10" similarity="88">
<source file="systems/source-code/2c/2c1e693ccc537c8c98c73fac0262cd7e18a3ad60.sol" startline="274" endline="286" pcid="570914" />
<source file="systems/source-code/2c/2c1e693ccc537c8c98c73fac0262cd7e18a3ad60.sol" startline="310" endline="322" pcid="570916" />
<source file="systems/source-code/2c/2c1e693ccc537c8c98c73fac0262cd7e18a3ad60.sol" startline="292" endline="304" pcid="570915" />
</class>

<class classid="7945" nclones="2" nlines="12" similarity="88">
<source file="systems/source-code/70/709c7134053510fce03b464982eab6e3d89728a5.sol" startline="159" endline="169" pcid="591753" />
<source file="systems/source-code/70/709c7134053510fce03b464982eab6e3d89728a5.sol" startline="171" endline="181" pcid="591754" />
</class>

<class classid="7946" nclones="2" nlines="27" similarity="70">
<source file="systems/source-code/70/708352cd28ea06e6bbd5c1a9408b4966ac1226e4.sol" startline="1569" endline="1610" pcid="592377" />
<source file="systems/source-code/70/708352cd28ea06e6bbd5c1a9408b4966ac1226e4.sol" startline="1612" endline="1649" pcid="592378" />
</class>

<class classid="7947" nclones="2" nlines="11" similarity="80">
<source file="systems/source-code/1e/1ed3d2c916cab00631cce4b08a7f880d4badae94.sol" startline="347" endline="359" pcid="594424" />
<source file="systems/source-code/1e/1ed3d2c916cab00631cce4b08a7f880d4badae94.sol" startline="375" endline="386" pcid="594426" />
</class>

<class classid="7948" nclones="2" nlines="11" similarity="80">
<source file="systems/source-code/1e/1ed3d2c916cab00631cce4b08a7f880d4badae94.sol" startline="361" endline="373" pcid="594425" />
<source file="systems/source-code/1e/1ed3d2c916cab00631cce4b08a7f880d4badae94.sol" startline="388" endline="399" pcid="594427" />
</class>

<class classid="7964" nclones="2" nlines="12" similarity="88">
<source file="systems/source-code/85/85d29c8126fa8ce5fe26e558feba5969fd0b2660.sol" startline="145" endline="158" pcid="622179" />
<source file="systems/source-code/85/85d29c8126fa8ce5fe26e558feba5969fd0b2660.sol" startline="184" endline="197" pcid="622183" />
</class>

<class classid="8004" nclones="3" nlines="12" similarity="88">
<source file="systems/source-code/47/470142a1834438515b757118f322703aba6e1e05.sol" startline="114" endline="134" pcid="647636" />
<source file="systems/source-code/47/470142a1834438515b757118f322703aba6e1e05.sol" startline="224" endline="244" pcid="647640" />
<source file="systems/source-code/47/470142a1834438515b757118f322703aba6e1e05.sol" startline="169" endline="189" pcid="647638" />
</class>

<class classid="8005" nclones="3" nlines="13" similarity="90">
<source file="systems/source-code/47/470142a1834438515b757118f322703aba6e1e05.sol" startline="141" endline="162" pcid="647637" />
<source file="systems/source-code/47/470142a1834438515b757118f322703aba6e1e05.sol" startline="196" endline="217" pcid="647639" />
<source file="systems/source-code/47/470142a1834438515b757118f322703aba6e1e05.sol" startline="251" endline="272" pcid="647641" />
</class>

</clones>